-- CREATE TIME:2018-06-23 12:10:23.641
-- TABLE NAME:用户信息表
DROP TABLE IF EXISTS SY_USER_INFO;
CREATE TABLE SY_USER_INFO (
  SUI_USER_CID varchar(10) NOT NULL COMMENT '用户号',
  SUI_LOGIN_NAME varchar(60) NOT NULL COMMENT '登录名',
  SUI_TYPE char(2) NOT NULL COMMENT '用户类型',
  SUI_PHONE varchar(20)  NULL COMMENT '手机',
  SUI_MAIL varchar(100)  NULL COMMENT '邮箱',
  SUI_PWD varchar(100) NOT NULL COMMENT '密码',
  SUI_SALT varchar(100) NOT NULL COMMENT '旧盐',
  SUI_NEW_SALT varchar(100) NOT NULL COMMENT '新盐',
  SUI_HASH_TIMES int NOT NULL COMMENT 'N值',
  SUI_FACE varchar(100)  NULL COMMENT '头像',
  SUI_STATE char(1) NOT NULL COMMENT '状态',
  SUI_ERROR_TIMES int NOT NULL COMMENT '密码错误次数',
  SUI_REGISTER_TIME timestamp NOT NULL COMMENT '注册时间',
  SUI_HAS_KEY char(1) NOT NULL COMMENT '是否证书卡用户',
  SUI_KEY_UID varchar(36)  NULL COMMENT '证书卡号',
  SUI_STAFF_CID char(4)  NULL COMMENT '员工编号'
) ENGINE=InnoDB DEFAULT CHARSET=utf8;
ALTER TABLE SY_USER_INFO ADD PRIMARY KEY(SUI_USER_CID);

-- CREATE TIME:2018-06-23 12:10:24.167
-- TABLE NAME:用户信息交易表
DROP TABLE IF EXISTS SY_USER_TRADE;
CREATE TABLE SY_USER_TRADE (
  SUT_TRADE_UID varchar(36) NOT NULL COMMENT '交易编号',
  SUT_TRADE_TYPE varchar(10) NOT NULL COMMENT '交易类型',
  SUT_TRADE_TIME timestamp NOT NULL COMMENT '交易时间',
  SUT_OPR_USER_CID varchar(36) NOT NULL COMMENT '经办人用户号',
  SUT_OPR_NAME varchar(60) NOT NULL COMMENT '经办人姓名',
  SUT_USER_CID varchar(10) NOT NULL COMMENT '用户号',
  SUT_PHONE varchar(20)  NULL COMMENT '手机',
  SUT_MAIL varchar(100)  NULL COMMENT '邮箱',
  SUT_FACE varchar(100)  NULL COMMENT '头像',
  SUT_WKF_RECORD_UID varchar(36)  NULL COMMENT '流程记录编号',
  SUT_HAS_KEY char(1)  NULL COMMENT '是否证书卡用户',
  SUT_KEY_UID varchar(36)  NULL COMMENT '证书卡号',
  SUT_STAFF_CID char(4)  NULL COMMENT '员工编号',
  SUT_STATE char(1) NOT NULL COMMENT '交易状态'
) ENGINE=InnoDB DEFAULT CHARSET=utf8;
ALTER TABLE SY_USER_TRADE ADD PRIMARY KEY(SUT_TRADE_UID);

-- CREATE TIME:2018-06-23 12:10:24.244
-- TABLE NAME:登录日志
DROP TABLE IF EXISTS SY_LOGIN_LOG;
CREATE TABLE SY_LOGIN_LOG (
  SLL_LOG_UID varchar(36) NOT NULL COMMENT '登录ID',
  SLL_USER_CID varchar(10) NOT NULL COMMENT '用户号',
  SLL_TIME timestamp NOT NULL COMMENT '登录时间',
  SLL_IP varchar(46)  NULL COMMENT '登录IP'
) ENGINE=InnoDB DEFAULT CHARSET=utf8;
ALTER TABLE SY_LOGIN_LOG ADD PRIMARY KEY(SLL_LOG_UID);

-- CREATE TIME:2018-06-23 12:10:24.262
-- TABLE NAME:角色表
DROP TABLE IF EXISTS SY_ROLE;
CREATE TABLE SY_ROLE (
  SRO_ROLE_CODE char(6) NOT NULL COMMENT '角色编码',
  SRO_NAME varchar(60) NOT NULL COMMENT '角色名称',
  SRO_STATE char(1) NOT NULL COMMENT '状态'
) ENGINE=InnoDB DEFAULT CHARSET=utf8;
ALTER TABLE SY_ROLE ADD PRIMARY KEY(SRO_ROLE_CODE);

-- CREATE TIME:2018-06-23 12:10:24.267
-- TABLE NAME:角色组表
DROP TABLE IF EXISTS SY_ROLE_GROUP;
CREATE TABLE SY_ROLE_GROUP (
  SRG_GROUP_CODE char(6) NOT NULL COMMENT '角色组编码',
  SRG_NAME varchar(60) NOT NULL COMMENT '角色组名称',
  SRG_STATE char(1) NOT NULL COMMENT '状态'
) ENGINE=InnoDB DEFAULT CHARSET=utf8;
ALTER TABLE SY_ROLE_GROUP ADD PRIMARY KEY(SRG_GROUP_CODE);

-- CREATE TIME:2018-06-23 12:10:24.271
-- TABLE NAME:菜单表
DROP TABLE IF EXISTS SY_MENU;
CREATE TABLE SY_MENU (
  SME_MENU_CODE char(8) NOT NULL COMMENT '菜单编码',
  SME_TITLE varchar(60) NOT NULL COMMENT '菜单名称',
  SME_FAT_MENU char(8)  NULL COMMENT '上级菜单',
  SME_ROOT_MENU char(8) NOT NULL COMMENT '根菜单',
  SME_DEEP int NOT NULL COMMENT '深度',
  SME_SEQ int NOT NULL COMMENT '序号',
  SME_INDEX varchar(100) NOT NULL COMMENT '视图url',
  SME_STATE char(1) NOT NULL COMMENT '状态',
  SME_ICON varchar(100)  NULL COMMENT '图标'
) ENGINE=InnoDB DEFAULT CHARSET=utf8;
ALTER TABLE SY_MENU ADD PRIMARY KEY(SME_MENU_CODE);

-- CREATE TIME:2018-06-23 12:10:24.276
-- TABLE NAME:请求定义表
DROP TABLE IF EXISTS SY_REQ_DEF;
CREATE TABLE SY_REQ_DEF (
  SRD_REQ_CODE char(8) NOT NULL COMMENT '请求编码',
  SRD_NAME varchar(60) NOT NULL COMMENT '请求名称',
  SRD_CLAZZ varchar(100) NOT NULL COMMENT '请求类全名称',
  SRD_METHOD varchar(60) NOT NULL COMMENT '请求方法名',
  SRD_TYPE char(2) NOT NULL COMMENT '请求类型',
  SRD_DBPOOL_TYPE char(2) NOT NULL COMMENT '数据库连接池类型',
  SRD_DBPOOL_CODE varchar(20)  NULL COMMENT '数据库连接池代码',
  SRD_MSG_TYPE char(1) NOT NULL COMMENT '报文格式',
  SRD_ENCRYPT char(1) NOT NULL COMMENT '是否通信加密',
  SRD_STATE char(1) NOT NULL COMMENT '状态'
) ENGINE=InnoDB DEFAULT CHARSET=utf8;
ALTER TABLE SY_REQ_DEF ADD PRIMARY KEY(SRD_REQ_CODE);

-- CREATE TIME:2018-06-23 12:10:24.279
-- TABLE NAME:权限定义表
DROP TABLE IF EXISTS SY_AUT_DEF;
CREATE TABLE SY_AUT_DEF (
  SAD_AUT_CODE char(8) NOT NULL COMMENT '权限编码',
  SAD_NAME varchar(60) NOT NULL COMMENT '权限名称',
  SAD_STATE char(1) NOT NULL COMMENT '状态'
) ENGINE=InnoDB DEFAULT CHARSET=utf8;
ALTER TABLE SY_AUT_DEF ADD PRIMARY KEY(SAD_AUT_CODE);

-- CREATE TIME:2018-06-23 12:10:24.283
-- TABLE NAME:菜单权限关联表
DROP TABLE IF EXISTS SY_MENU_AUT;
CREATE TABLE SY_MENU_AUT (
  SMA_MENU_CODE char(8) NOT NULL COMMENT '菜单编码',
  SMA_AUT_CODE char(8) NOT NULL COMMENT '权限编码',
  SMA_CMT varchar(512)  NULL COMMENT '备注'
) ENGINE=InnoDB DEFAULT CHARSET=utf8;
ALTER TABLE SY_MENU_AUT ADD PRIMARY KEY(SMA_MENU_CODE,SMA_AUT_CODE);

-- CREATE TIME:2018-06-23 12:10:24.286
-- TABLE NAME:请求权限关联表
DROP TABLE IF EXISTS SY_REQ_AUT;
CREATE TABLE SY_REQ_AUT (
  SRA_REQ_CODE char(8) NOT NULL COMMENT '请求编码',
  SRA_AUT_CODE char(8) NOT NULL COMMENT '权限编码',
  SRA_CMT varchar(512)  NULL COMMENT '备注'
) ENGINE=InnoDB DEFAULT CHARSET=utf8;
ALTER TABLE SY_REQ_AUT ADD PRIMARY KEY(SRA_REQ_CODE,SRA_AUT_CODE);

-- CREATE TIME:2018-06-23 12:10:24.290
-- TABLE NAME:数据类型定义表
DROP TABLE IF EXISTS SY_DATA_DEF;
CREATE TABLE SY_DATA_DEF (
  SDD_DATA_CODE char(6) NOT NULL COMMENT '数据类型编码',
  SDD_NAME varchar(60) NOT NULL COMMENT '数据类型名称',
  SDD_FIELD varchar(60) NOT NULL COMMENT '字段名'
) ENGINE=InnoDB DEFAULT CHARSET=utf8;
ALTER TABLE SY_DATA_DEF ADD PRIMARY KEY(SDD_DATA_CODE);

-- CREATE TIME:2018-06-23 12:10:24.293
-- TABLE NAME:数据值权限控制表
DROP TABLE IF EXISTS SY_DATA_AUT;
CREATE TABLE SY_DATA_AUT (
  SDA_DATA_AUT_UID varchar(36) NOT NULL COMMENT '数据权限关联ID',
  SDA_DATA_CODE char(6) NOT NULL COMMENT '数据类型编码',
  SDA_VALUE varchar(36) NOT NULL COMMENT '数据值',
  SDA_OWNER_TYPE char(2) NOT NULL COMMENT '授权对象类型',
  SDA_USER_CID varchar(10)  NULL COMMENT '用户号',
  SDA_ROLE_CODE char(6)  NULL COMMENT '角色编码',
  SDA_GROUP_CODE char(6)  NULL COMMENT '角色组编码',
  SDA_CMT varchar(512)  NULL COMMENT '备注'
) ENGINE=InnoDB DEFAULT CHARSET=utf8;
ALTER TABLE SY_DATA_AUT ADD PRIMARY KEY(SDA_DATA_AUT_UID);

-- CREATE TIME:2018-06-23 12:10:24.301
-- TABLE NAME:文件信息表
DROP TABLE IF EXISTS SY_FILE_INFO;
CREATE TABLE SY_FILE_INFO (
  DFI_FILE_UID varchar(36) NOT NULL COMMENT '文件编号',
  DFI_FILE_NAME varchar(256) NOT NULL COMMENT '文件名',
  DFI_STORE_TYPE char(1) NOT NULL COMMENT '保存方式',
  DFI_IP varchar(46)  NULL COMMENT 'IP',
  DFI_PORT int  NULL COMMENT '端口',
  DFI_PATH varchar(100)  NULL COMMENT '文件路径',
  DFI_SECURITY char(1) NOT NULL COMMENT '是否加密',
  DFI_STATE char(1) NOT NULL COMMENT '文件状态',
  DFI_PENDING_USER varchar(10)  NULL COMMENT '锁定人',
  DFI_VERSION long NOT NULL COMMENT '文件版本',
  DFI_CMT varchar(512)  NULL COMMENT '备注',
  DFI_CREATE_TIME timestamp  NULL COMMENT '创建时间',
  DFI_CREATE_USER varchar(10)  NULL COMMENT '创建人',
  DFI_UPDATE_TIME timestamp  NULL COMMENT '最近更新时间',
  DFI_UPDATE_USER varchar(10)  NULL COMMENT '最近更新人'
) ENGINE=InnoDB DEFAULT CHARSET=utf8;
ALTER TABLE SY_FILE_INFO ADD PRIMARY KEY(DFI_FILE_UID);

-- CREATE TIME:2018-06-23 12:10:24.305
-- TABLE NAME:文件权限关联表
DROP TABLE IF EXISTS SY_FILE_AUT;
CREATE TABLE SY_FILE_AUT (
  SFA_FILE_AUT_UID varchar(36) NOT NULL COMMENT '数据权限关联ID',
  SFA_FILE_UID varchar(36) NOT NULL COMMENT '文件编号',
  SFA_OWNER_TYPE char(2) NOT NULL COMMENT '授权对象类型',
  SFA_USER_CID varchar(10)  NULL COMMENT '用户号',
  SFA_ROLE_CODE char(6)  NULL COMMENT '角色编码',
  SFA_GROUP_CODE char(6)  NULL COMMENT '角色组编码',
  SFA_CMT varchar(512)  NULL COMMENT '备注'
) ENGINE=InnoDB DEFAULT CHARSET=utf8;
ALTER TABLE SY_FILE_AUT ADD PRIMARY KEY(SFA_FILE_AUT_UID);

-- CREATE TIME:2018-06-23 12:10:24.308
-- TABLE NAME:参数表
DROP TABLE IF EXISTS SY_PARAM;
CREATE TABLE SY_PARAM (
  SPA_PARAM_CODE char(8) NOT NULL COMMENT '参数编码',
  SPA_VALUE varchar(512)  NULL COMMENT '参数值',
  SPA_NAME varchar(60)  NULL COMMENT '参数名称',
  SPA_IS_LEAF char(1) NOT NULL COMMENT '是否叶节点',
  SPA_ROOT_CODE char(8) NOT NULL COMMENT '根参数',
  SPA_FAT_CODE char(8)  NULL COMMENT '父参数',
  SPA_DEEP int NOT NULL COMMENT '深度',
  SPA_SEQ int NOT NULL COMMENT '序号',
  SPA_CMT varchar(512)  NULL COMMENT '备注'
) ENGINE=InnoDB DEFAULT CHARSET=utf8;
ALTER TABLE SY_PARAM ADD PRIMARY KEY(SPA_PARAM_CODE);

-- CREATE TIME:2018-06-23 12:10:24.312
-- TABLE NAME:错误码表
DROP TABLE IF EXISTS SY_ERROR_INFO;
CREATE TABLE SY_ERROR_INFO (
  SEI_ERROR_CODE char(8) NOT NULL COMMENT '错误码',
  SEI_CHN_MSG varchar(100)  NULL COMMENT '错误信息-中文',
  SEI_ENG_MSG varchar(100)  NULL COMMENT '错误信息-英文'
) ENGINE=InnoDB DEFAULT CHARSET=utf8;
ALTER TABLE SY_ERROR_INFO ADD PRIMARY KEY(SEI_ERROR_CODE);

-- CREATE TIME:2018-06-23 12:10:24.316
-- TABLE NAME:计数器表
DROP TABLE IF EXISTS SY_COUNTER;
CREATE TABLE SY_COUNTER (
  SCO_COUNTER_CODE char(8) NOT NULL COMMENT '计数器编码',
  SCO_NAME varchar(60) NOT NULL COMMENT '计数器名称',
  SCO_CUR_VALUE varchar(10) NOT NULL COMMENT '当前值',
  SCO_MIN varchar(10) NOT NULL COMMENT '起始值',
  SCO_MAX varchar(10) NOT NULL COMMENT '最大值',
  SCO_STEP varchar(10) NOT NULL COMMENT '步长',
  SCO_OVER char(1) NOT NULL COMMENT '溢出控制',
  SCO_RESET_PERIOD char(1) NOT NULL COMMENT '重置周期',
  SCO_RESET_TIME timestamp  NULL COMMENT '下一重置时间',
  SCO_STATE char(1) NOT NULL COMMENT '状态'
) ENGINE=InnoDB DEFAULT CHARSET=utf8;
ALTER TABLE SY_COUNTER ADD PRIMARY KEY(SCO_COUNTER_CODE);

-- CREATE TIME:2018-06-23 12:10:24.319
-- TABLE NAME:待阅通知表
DROP TABLE IF EXISTS SY_NTF_RECORD;
CREATE TABLE SY_NTF_RECORD (
  SNR_NTF_UID varchar(36) NOT NULL COMMENT '通知ID',
  SNR_TOPIC varchar(60)  NULL COMMENT '通知主题',
  SNR_CONTENT varchar(1000) NOT NULL COMMENT '内容',
  SNR_TYPE char(2) NOT NULL COMMENT '发送类型',
  SNR_SENDER varchar(10) NOT NULL COMMENT '发件人',
  SNR_SENDER_NAME varchar(60)  NULL COMMENT '发件人名称',
  SNR_RECEIVER varchar(10) NOT NULL COMMENT '收件人',
  SNR_RECEIVER_NAME varchar(60)  NULL COMMENT '收件人名称',
  SNR_SEND_TIME timestamp NOT NULL COMMENT '发送时间',
  SNR_CHECK_TIME timestamp  NULL COMMENT '阅读时间',
  SNR_STATE char(1) NOT NULL COMMENT '状态'
) ENGINE=InnoDB DEFAULT CHARSET=utf8;
ALTER TABLE SY_NTF_RECORD ADD PRIMARY KEY(SNR_NTF_UID);

-- CREATE TIME:2018-06-23 12:10:24.323
-- TABLE NAME:通知历史表
DROP TABLE IF EXISTS SY_NTF_RECORD_HIS;
CREATE TABLE SY_NTF_RECORD_HIS (
  SNR_NTF_UID varchar(36) NOT NULL COMMENT '通知ID',
  SNR_TOPIC varchar(60)  NULL COMMENT '通知主题',
  SNR_CONTENT varchar(1000) NOT NULL COMMENT '内容',
  SNR_TYPE char(2) NOT NULL COMMENT '发送类型',
  SNR_SENDER varchar(10) NOT NULL COMMENT '发件人',
  SNR_SENDER_NAME varchar(60)  NULL COMMENT '发件人名称',
  SNR_RECEIVER varchar(10) NOT NULL COMMENT '收件人',
  SNR_RECEIVER_NAME varchar(60)  NULL COMMENT '收件人名称',
  SNR_SEND_TIME timestamp NOT NULL COMMENT '发送时间',
  SNR_CHECK_TIME timestamp  NULL COMMENT '阅读时间',
  SNR_STATE char(1) NOT NULL COMMENT '状态'
) ENGINE=InnoDB DEFAULT CHARSET=utf8;
ALTER TABLE SY_NTF_RECORD_HIS ADD PRIMARY KEY(SNR_NTF_UID);

-- CREATE TIME:2018-06-23 10:32:12.658
-- TABLE NAME:检查单
DROP TABLE IF EXISTS PC_EXAM_BOOK;
CREATE TABLE PC_EXAM_BOOK (
  EXAM_ID varchar(36) NOT NULL COMMENT '单据ID',
  YJXH int  NULL COMMENT '医技序号',
  EXAM_SERIAL varchar(20)  NULL COMMENT '单据流水号',
  DOCTOR_ID varchar(36)  NULL COMMENT '开单医生',
  DEPT_ID varchar(36)  NULL COMMENT '开单科室',
  CREATEDT varchar(25)  NULL COMMENT '开单日期',
  EXAM_TYPE varchar(20)  NULL COMMENT '开单类型',
  ISEMERGENCY varchar(5)  NULL COMMENT '是否急症',
  ISCURE varchar(5)  NULL COMMENT '是否治疗',
  OWNCHARGE varchar(5)  NULL COMMENT '费用类别',
  DISE_ID varchar(36)  NULL COMMENT '特殊病种ID',
  PATIENT_ID varchar(50)  NULL COMMENT '病人编号',
  PATIENT_CODE varchar(50)  NULL COMMENT '病人号码',
  PATIENT_NAME varchar(20)  NULL COMMENT '病人名称',
  OUT_ID varchar(50)  NULL COMMENT '就诊号',
  EXAM_PURPOSE varchar(2000)  NULL COMMENT '检查目的',
  EXAM_ZD varchar(2000)  NULL COMMENT '诊断',
  EXAM_ZS varchar(2000)  NULL COMMENT '主诉',
  EXAM_BS varchar(2000)  NULL COMMENT '病史',
  EXAM_CT varchar(2000)  NULL COMMENT '查体',
  BED_NO varchar(20)  NULL COMMENT '床号',
  EXAMTYPE_ID varchar(36)  NULL COMMENT '所属检查类型ID',
  EXAMITEM_ID varchar(36)  NULL COMMENT '检查项目ID',
  CHARGE_STATUS varchar(20)  NULL COMMENT '收费状态',
  CHARGE_DT varchar(25)  NULL COMMENT '扣费时间',
  FORM_STATUS varchar(20)  NULL COMMENT '单据状态',
  SIGN_STATUS varchar(20)  NULL COMMENT '签到状态',
  ISPRINT varchar(5)  NULL COMMENT '是否打印',
  APPT_ID varchar(36)  NULL COMMENT '对应预约单号',
  ORDERCODE int  NULL COMMENT '排序序号',
  SYSUPDATEDT varchar(25)  NULL COMMENT '单据说明',
  REMARK varchar(1000)  NULL COMMENT '病情分级',
  ILLNESS_LEVEL varchar(5)  NULL COMMENT '护送方式',
  CONVOY_TYPE varchar(5)  NULL COMMENT '是否多重耐药菌',
  IS_BACTERIA  varchar(5)  NULL COMMENT '最新更新时间'
) ENGINE=InnoDB DEFAULT CHARSET=utf8;
ALTER TABLE PC_EXAM_BOOK ADD PRIMARY KEY(EXAM_ID);

-- CREATE TIME:2018-06-23 10:32:12.799
-- TABLE NAME:预约单
DROP TABLE IF EXISTS PC_ORDER_BOOK;
CREATE TABLE PC_ORDER_BOOK (
  APPT_ID varchar(36) NOT NULL COMMENT '预约单编号',
  EXAM_ID varchar(36)  NULL COMMENT '检查单编号',
  PERSON_ID varchar(36)  NULL COMMENT '预约人员编号',
  PERSON_TYPE varchar(5)  NULL COMMENT '预约人员类型',
  ORDERCODE int  NULL COMMENT '排序序号',
  DEVICE_ID varchar(36)  NULL COMMENT '预约设备编号',
  APPT_DT varchar(25)  NULL COMMENT '预约日期',
  APPT_AMPM varchar(20)  NULL COMMENT '午别',
  START_SECTION varchar(25)  NULL COMMENT '时间段',
  START_POINT varchar(25)  NULL COMMENT '时间点',
  CREATEDT varchar(25)  NULL COMMENT '创建时间',
  SIGNDT varchar(25)  NULL COMMENT '签到时间',
  DEVICE_ID_CHECKED varchar(36)  NULL COMMENT '签到设备',
  CLOSEDT varchar(25)  NULL COMMENT '完成时间',
  STATUS varchar(5)  NULL COMMENT '状态',
  REMARK varchar(1000)  NULL COMMENT '说明'
) ENGINE=InnoDB DEFAULT CHARSET=utf8;
ALTER TABLE PC_ORDER_BOOK ADD PRIMARY KEY(APPT_ID);

-- CREATE TIME:2018-06-23 10:32:12.814
-- TABLE NAME:号码资源表
DROP TABLE IF EXISTS PC_PACSNUM_RES;
CREATE TABLE PC_PACSNUM_RES (
  NUMBER_ID varchar(36) NOT NULL COMMENT '号码实例ID',
  APPT_ID varchar(36)  NULL COMMENT '预约单ID',
  DEVICE_ID varchar(36)  NULL COMMENT '设备ID',
  SCHEDU_ID varchar(36)  NULL COMMENT '设备排班ID',
  SCHEDU_DT varchar(25)  NULL COMMENT '日期',
  SCHEDU_AMPM varchar(20)  NULL COMMENT '午别',
  SCHEDU_SECTION varchar(25)  NULL COMMENT '时间段',
  SCHEDU_POINT varchar(25)  NULL COMMENT '时间点',
  NUMBER_TYPE varchar(5)  NULL COMMENT '号码类型',
  LOCKTYPE varchar(5)  NULL COMMENT '锁号类型',
  LOCKSOURCE varchar(5)  NULL COMMENT '锁号来源',
  UNLOCKDEPTID varchar(36)  NULL COMMENT '解锁科室ID',
  LOCK_ID varchar(36)  NULL COMMENT '锁号ID',
  ADD_ID varchar(36)  NULL COMMENT '加号ID',
  CREATEDT varchar(25)  NULL COMMENT '创建时间',
  ORDERCODE int  NULL COMMENT '排序序号'
) ENGINE=InnoDB DEFAULT CHARSET=utf8;
ALTER TABLE PC_PACSNUM_RES ADD PRIMARY KEY(NUMBER_ID);

-- CREATE TIME:2018-06-23 10:32:12.830
-- TABLE NAME:锁号表
DROP TABLE IF EXISTS PC_LOCK_NUM;
CREATE TABLE PC_LOCK_NUM (
  LOCK_ID varchar(36) NOT NULL COMMENT '锁号ID',
  DEVICE_ID varchar(36)  NULL COMMENT '设备ID',
  LOCK_DT varchar(25)  NULL COMMENT '日期',
  LOCK_AMPM varchar(20)  NULL COMMENT '午别',
  LOCK_SECTION varchar(25)  NULL COMMENT '时间段',
  LOCK_POINT varchar(25)  NULL COMMENT '时间点',
  LOCK_TYPE varchar(5)  NULL COMMENT '锁号类型',
  UNLOCKDEPTID varchar(36)  NULL COMMENT '解锁科室ID',
  LOCK_PERSONID varchar(36)  NULL COMMENT '加锁人员ID',
  ORDERCODE int  NULL COMMENT '排序序号',
  CREATEDT varchar(25)  NULL COMMENT '创建时间',
  LOCK_REASON varchar(1000)  NULL COMMENT '锁号原因',
  STATUS varchar(5)  NULL COMMENT '状态',
  REMARK varchar(1000)  NULL COMMENT '说明'
) ENGINE=InnoDB DEFAULT CHARSET=utf8;
ALTER TABLE PC_LOCK_NUM ADD PRIMARY KEY(LOCK_ID);

-- CREATE TIME:2018-06-23 10:32:12.830
-- TABLE NAME:加号表
DROP TABLE IF EXISTS PC_ADD_NUM;
CREATE TABLE PC_ADD_NUM (
  ADD_ID varchar(36) NOT NULL COMMENT '加号ID',
  DEVICE_ID varchar(36)  NULL COMMENT '设备ID',
  ADD_DT varchar(25)  NULL COMMENT '日期',
  ADD_AMPM varchar(20)  NULL COMMENT '午别',
  ADD_SECTION varchar(25)  NULL COMMENT '时间段',
  ADD_POINT varchar(25)  NULL COMMENT '时间点',
  ADD_PERSONID varchar(36)  NULL COMMENT '加号人员ID',
  ORDERCODE int  NULL COMMENT '排序序号',
  CREATEDT varchar(25)  NULL COMMENT '创建时间',
  ADD_REASON varchar(1000)  NULL COMMENT '加号原因',
  STATUS varchar(5)  NULL COMMENT '状态',
  REMARK varchar(1000)  NULL COMMENT '说明'
) ENGINE=InnoDB DEFAULT CHARSET=utf8;
ALTER TABLE PC_ADD_NUM ADD PRIMARY KEY(ADD_ID);

-- CREATE TIME:2018-06-23 10:32:12.830
-- TABLE NAME:医生主述表
DROP TABLE IF EXISTS PC_OP_EXPLAIN;
CREATE TABLE PC_OP_EXPLAIN (
  EXPLAIN_ID varchar(36) NOT NULL COMMENT '主诉ID',
  EXPLAIN_TITLE varchar(100)  NULL COMMENT '主诉标题',
  EXPLAIN_CONTENT varchar(1000)  NULL COMMENT '主诉内容',
  EXPLAIN_CODE varchar(1000)  NULL COMMENT '主诉编码',
  EXPLAIN_TYPE varchar(5)  NULL COMMENT '分类',
  PARENT_UUID varchar(36)  NULL COMMENT '上级分类',
  PERSON_ID varchar(36)  NULL COMMENT '医生ID',
  ORDERCODE int  NULL COMMENT '排序序号',
  CREATEDT varchar(25)  NULL COMMENT '创建时间',
  STATUS varchar(5)  NULL COMMENT '状态',
  REMARK varchar(1000)  NULL COMMENT '说明'
) ENGINE=InnoDB DEFAULT CHARSET=utf8;
ALTER TABLE PC_OP_EXPLAIN ADD PRIMARY KEY(EXPLAIN_ID);

-- CREATE TIME:2018-06-23 10:32:12.846
-- TABLE NAME:单据状态变更痕迹表
DROP TABLE IF EXISTS PC_STATE_RECORD;
CREATE TABLE PC_STATE_RECORD (
  MARK_ID varchar(36) NOT NULL COMMENT '痕迹流水ID',
  FORM_ID varchar(36)  NULL COMMENT '单据ID',
  FORM_TYPE varchar(5)  NULL COMMENT '单据类型',
  PERSON_ID varchar(36)  NULL COMMENT '操作人员ID',
  PERSON_TYPE varchar(5)  NULL COMMENT '操作人员类型',
  OPER_CODE varchar(20)  NULL COMMENT '操作编码',
  OPER_DESC varchar(1000)  NULL COMMENT '操作描述',
  OPER_RESULT varchar(5)  NULL COMMENT '操作结果',
  OPER_IP varchar(20)  NULL COMMENT '操作IP',
  CREATEDT varchar(25)  NULL COMMENT '创建时间'
) ENGINE=InnoDB DEFAULT CHARSET=utf8;
ALTER TABLE PC_STATE_RECORD ADD PRIMARY KEY(MARK_ID);

-- CREATE TIME:2018-06-23 10:32:12.846
-- TABLE NAME:职工检查类型关联表
DROP TABLE IF EXISTS PC_EXAM_STAFF;
CREATE TABLE PC_EXAM_STAFF (
  PERSON_ID varchar(36) NOT NULL COMMENT '职工ID',
  EXAMTYPE_ID varchar(36)  NULL COMMENT '检查类型ID',
  ORDERCODE int  NULL COMMENT '排序序号',
  CREATEDT varchar(25)  NULL COMMENT '创建时间',
  STATUS varchar(5)  NULL COMMENT '状态',
  REMARK varchar(1000)  NULL COMMENT '说明'
) ENGINE=InnoDB DEFAULT CHARSET=utf8;
ALTER TABLE PC_EXAM_STAFF ADD PRIMARY KEY(PERSON_ID);

-- CREATE TIME:2018-06-23 21:11:11.868
-- TABLE NAME:系统预定义表
DROP TABLE IF EXISTS SY_GLOBAL_DEFINE;
CREATE TABLE SY_GLOBAL_DEFINE (
  SGD_FIELD varchar(60) NOT NULL COMMENT '字段定义',
  SGD_BUS_TYPE varchar(10) NOT NULL COMMENT '所属业务类型',
  SGD_VALUE varchar(60) NOT NULL COMMENT '字段值',
  SGD_DSP varchar(256)  NULL COMMENT '注释'
) ENGINE=InnoDB DEFAULT CHARSET=utf8;
ALTER TABLE SY_GLOBAL_DEFINE ADD PRIMARY KEY(SGD_FIELD);

-- CREATE TIME:2018-06-23 21:11:12.224
-- TABLE NAME:工作流定义表
DROP TABLE IF EXISTS SY_WKF_DEFINE;
CREATE TABLE SY_WKF_DEFINE (
  SWD_WKF_CODE char(4) NOT NULL COMMENT '模式代号',
  SWD_WKF_NAME varchar(60) NOT NULL COMMENT '名称',
  SWD_WKF_TYPE char(2) NOT NULL COMMENT '流程模型',
  SWD_ROUTE_TYPE char(2) NOT NULL COMMENT '路由类型',
  SWD_CHECK_FLAG char(1) NOT NULL COMMENT '签收标志',
  SWD_WKF_STATUS char(1) NOT NULL COMMENT '工作流状态'
) ENGINE=InnoDB DEFAULT CHARSET=utf8;
ALTER TABLE SY_WKF_DEFINE ADD PRIMARY KEY(SWD_WKF_CODE);

-- CREATE TIME:2018-06-23 21:11:12.228
-- TABLE NAME:工作流实例表
DROP TABLE IF EXISTS SY_WKF_ENTITY;
CREATE TABLE SY_WKF_ENTITY (
  SWE_ENTITY_ID varchar(36) NOT NULL COMMENT '实例编号',
  SWE_ENTITY_NAME varchar(60)  NULL COMMENT '实例名称',
  SWE_WKF_CODE char(4) NOT NULL COMMENT '模式代号',
  SWE_BUSINESS_TYPE varchar(10) NOT NULL COMMENT '关联业务类型',
  SWE_MATCH_VALUE char(2)  NULL COMMENT '实例匹配值',
  SWE_NODE_HEAD varchar(36) NOT NULL COMMENT '首结点编号',
  SWE_NODE_HEAD_NAME varchar(60)  NULL COMMENT '首结点名称',
  SWE_ENTITY_STATUS char(1) NOT NULL COMMENT '流程实例状态'
) ENGINE=InnoDB DEFAULT CHARSET=utf8;
ALTER TABLE SY_WKF_ENTITY ADD PRIMARY KEY(SWE_ENTITY_ID);

-- CREATE TIME:2018-06-23 21:11:12.238
-- TABLE NAME:工作流实例-业务控制表
DROP TABLE IF EXISTS SY_WKF_ENTITY_BUSINESS;
CREATE TABLE SY_WKF_ENTITY_BUSINESS (
  SEB_WKF_CODE char(4) NOT NULL COMMENT '模式代号',
  SEB_BUSINESS_TYPE varchar(10) NOT NULL COMMENT '关联业务类型',
  SEB_IS_SINGLE char(1) NOT NULL COMMENT '是否单实例',
  SEB_MATCH_STRATEGY char(2)  NULL COMMENT '多实例匹配策略',
  SEB_MATCH_CLAZZ varchar(100)  NULL COMMENT '实例匹配自定义实现类'
) ENGINE=InnoDB DEFAULT CHARSET=utf8;
ALTER TABLE SY_WKF_ENTITY_BUSINESS ADD PRIMARY KEY(SEB_WKF_CODE,SEB_BUSINESS_TYPE);

-- CREATE TIME:2018-06-23 21:11:12.242
-- TABLE NAME:结点信息表
DROP TABLE IF EXISTS SY_WKF_NODE;
CREATE TABLE SY_WKF_NODE (
  SWN_NODE_ID varchar(36) NOT NULL COMMENT '结点编号',
  SWN_NODE_NAME varchar(60)  NULL COMMENT '结点名称',
  SWN_ENTITY_ID varchar(36) NOT NULL COMMENT '实例编号',
  SWN_WG_ID varchar(36) NOT NULL COMMENT '工作组编号',
  SWN_EVENT_TYPE char(2) NOT NULL COMMENT '事件类型',
  SWN_EVENT_RULE char(2) NOT NULL COMMENT '事件执行方式',
  SWN_EVENT_EXT varchar(100)  NULL COMMENT '事件执行扩展',
  SWN_RECORD_TYPE char(2) NOT NULL COMMENT '数据记录方式',
  SWN_ROUTE_STRATEGY char(2) NOT NULL COMMENT '路由策略',
  SWN_ROUTE_STRATEGY_CLAZZ varchar(100)  NULL COMMENT '自定义路由策略实现类',
  SWN_BACK_STRATEGY char(2) NOT NULL COMMENT '回退策略',
  SWN_BACK_STRATEGY_CLAZZ varchar(100)  NULL COMMENT '自定义回退策略实现类',
  SWN_BRANCH_STRATEGY char(2)  NULL COMMENT '分支处理策略',
  SWN_BRANCH_STRATEGY_CLAZZ varchar(100)  NULL COMMENT '自定义分支处理策略',
  SWN_IS_AUTO char(1) NOT NULL COMMENT '是否自动执行',
  SWN_VIEW_URL varchar(100)  NULL COMMENT '前端URL',
  SWN_NODE_STATUS char(1) NOT NULL COMMENT '结点状态'
) ENGINE=InnoDB DEFAULT CHARSET=utf8;
ALTER TABLE SY_WKF_NODE ADD PRIMARY KEY(SWN_NODE_ID);

-- CREATE TIME:2018-06-23 21:11:12.246
-- TABLE NAME:结点模板表
DROP TABLE IF EXISTS SY_WKF_NODE_TEMPLATE;
CREATE TABLE SY_WKF_NODE_TEMPLATE (
  SNT_TEMPLATE_ID varchar(36) NOT NULL COMMENT '结点模板编号',
  SNT_TEMPLATE_NAME varchar(60)  NULL COMMENT '结点模板名称',
  SNT_ENTITY_ID varchar(36) NOT NULL COMMENT '实例编号',
  SNT_EVENT_TYPE char(2) NOT NULL COMMENT '事件类型',
  SNT_EVENT_RULE char(2) NOT NULL COMMENT '事件执行方式',
  SNT_EVENT_EXT varchar(100)  NULL COMMENT '事件执行扩展',
  SNT_RECORD_TYPE char(2) NOT NULL COMMENT '数据记录方式',
  SNT_ROUTE_STRATEGY char(2) NOT NULL COMMENT '路由策略',
  SNT_ROUTE_STRATEGY_CLAZZ varchar(100)  NULL COMMENT '自定义策略实现类',
  SNT_ROUTE_TYPE char(2) NOT NULL COMMENT '路由类型',
  SNT_BRANCH_STRATEGY char(2)  NULL COMMENT '分支处理策略',
  SNT_BRANCH_STRATEGY_CLAZZ varchar(100)  NULL COMMENT '自定义分支处理策略',
  SNT_IS_AUTO char(1) NOT NULL COMMENT '是否自动执行',
  SNT_VIEW_URL varchar(100)  NULL COMMENT '前端URL'
) ENGINE=InnoDB DEFAULT CHARSET=utf8;
ALTER TABLE SY_WKF_NODE_TEMPLATE ADD PRIMARY KEY(SNT_TEMPLATE_ID);

-- CREATE TIME:2018-06-23 21:11:12.251
-- TABLE NAME:路由表
DROP TABLE IF EXISTS SY_WKF_ROUTE;
CREATE TABLE SY_WKF_ROUTE (
  SWR_ROUTE_ID varchar(36) NOT NULL COMMENT '路由编号',
  SWR_ENTITY_ID varchar(36) NOT NULL COMMENT '实例编号',
  SWR_ROUTE_CODE varchar(36)  NULL COMMENT '路由代码',
  SWR_NODE_HEAD varchar(36) NOT NULL COMMENT '首结点编号',
  SWR_NODE_HEAD_NAME varchar(60)  NULL COMMENT '首结点名称',
  SWR_NODE_TAIL varchar(36) NOT NULL COMMENT '尾结点编号',
  SWR_NODE_TAIL_NAME varchar(60)  NULL COMMENT '尾结点名称',
  SWR_ROUTE_STATUS char(1) NOT NULL COMMENT '路由状态'
) ENGINE=InnoDB DEFAULT CHARSET=utf8;
ALTER TABLE SY_WKF_ROUTE ADD PRIMARY KEY(SWR_ROUTE_ID);

-- CREATE TIME:2018-06-23 21:11:12.262
-- TABLE NAME:工作组信息表
DROP TABLE IF EXISTS SY_WKF_WORKGROUP;
CREATE TABLE SY_WKF_WORKGROUP (
  SWW_WG_ID varchar(36) NOT NULL COMMENT '工作组编号',
  SWW_WG_NAME varchar(60)  NULL COMMENT '工作组名称',
  SWW_WG_TYPE char(2) NOT NULL COMMENT '工作组类型',
  SWW_WKF_TYPE char(2)  NULL COMMENT '流程模型',
  SWW_WKF_CODE char(4)  NULL COMMENT '流程代号',
  SWW_ENTITY_ID varchar(36)  NULL COMMENT '流程实例编号',
  SWW_BUS_TYPE varchar(10)  NULL COMMENT '关联业务类型',
  SWW_WG_STATUS char(1) NOT NULL COMMENT '工作组状态'
) ENGINE=InnoDB DEFAULT CHARSET=utf8;
ALTER TABLE SY_WKF_WORKGROUP ADD PRIMARY KEY(SWW_WG_ID);

-- CREATE TIME:2018-06-23 21:11:12.265
-- TABLE NAME:组员信息表
DROP TABLE IF EXISTS SY_WKF_WORKER;
CREATE TABLE SY_WKF_WORKER (
  SWO_WG_ID varchar(36) NOT NULL COMMENT '工作组编号',
  SWO_USER_ID varchar(36) NOT NULL COMMENT '用户号',
  SWO_LOGIN_NAME varchar(60) NOT NULL COMMENT '登录名',
  SWO_USER_STATUS char(1) NOT NULL COMMENT '用户状态'
) ENGINE=InnoDB DEFAULT CHARSET=utf8;
ALTER TABLE SY_WKF_WORKER ADD PRIMARY KEY(SWO_WG_ID,SWO_USER_ID);

-- CREATE TIME:2018-06-23 21:11:12.268
-- TABLE NAME:代理人信息表
DROP TABLE IF EXISTS SY_WKF_AGENT;
CREATE TABLE SY_WKF_AGENT (
  SWA_USER_ID varchar(36) NOT NULL COMMENT '用户号',
  SWA_LOGIN_NAME varchar(60) NOT NULL COMMENT '登录名',
  SWA_AGENT_USER_ID varchar(36) NOT NULL COMMENT '代理人用户号',
  SWA_AGENT_LOGIN_NAME varchar(60) NOT NULL COMMENT '代理人登录名',
  SWA_AGENT_STATUS char(1) NOT NULL COMMENT '状态'
) ENGINE=InnoDB DEFAULT CHARSET=utf8;
ALTER TABLE SY_WKF_AGENT ADD PRIMARY KEY(SWA_USER_ID);

-- CREATE TIME:2018-06-23 21:11:12.271
-- TABLE NAME:流程执行记录表
DROP TABLE IF EXISTS SY_WKF_RECORD;
CREATE TABLE SY_WKF_RECORD (
  SRC_RECORD_ID varchar(36) NOT NULL COMMENT '记录编号',
  SRC_TIME_BEGIN timestamp NOT NULL COMMENT '流程开始时间',
  SRC_TIME_END timestamp  NULL COMMENT '流程结束时间',
  SRC_WKF_CODE char(4) NOT NULL COMMENT '模式代号',
  SRC_ENTITY_ID varchar(36) NOT NULL COMMENT '实例编号',
  SRC_BUSINESS_ID varchar(60)  NULL COMMENT '关联业务流水号',
  SRC_BUSINESS_TYPE varchar(10) NOT NULL COMMENT '关联业务类型',
  SRC_NODE_HEAD varchar(36) NOT NULL COMMENT '首结点编号',
  SRC_NODE_HEAD_NAME varchar(60)  NULL COMMENT '首结点名称',
  SRC_START_USER_ID varchar(36) NOT NULL COMMENT '发起人用户号',
  SRC_START_LOGIN_NAME varchar(60) NOT NULL COMMENT '发起人登录名',
  SRC_END_USER_ID varchar(36)  NULL COMMENT '完成人用户号',
  SRC_END_LOGIN_NAME varchar(60)  NULL COMMENT '完成人登录名',
  SRC_DESCRIPTION varchar(256)  NULL COMMENT '流程概要描述',
  SRC_RECORD_STATUS char(3) NOT NULL COMMENT '执行状态'
) ENGINE=InnoDB DEFAULT CHARSET=utf8;
ALTER TABLE SY_WKF_RECORD ADD PRIMARY KEY(SRC_RECORD_ID);

-- CREATE TIME:2018-06-23 21:11:12.275
-- TABLE NAME:流程执行记录明细表
DROP TABLE IF EXISTS SY_WKF_RECORD_DETAIL;
CREATE TABLE SY_WKF_RECORD_DETAIL (
  SRD_DETAIL_ID varchar(36) NOT NULL COMMENT '记录明细编号',
  SRD_RECORD_ID varchar(36) NOT NULL COMMENT '记录编号',
  SRD_SCHEDULE_ID varchar(36) NOT NULL COMMENT '待办编号',
  SRD_DETAIL_SEQ int  NULL COMMENT '序号',
  SRD_DETAIL_TIME timestamp NOT NULL COMMENT '记录时间',
  SRD_NODE_ID varchar(36) NOT NULL COMMENT '执行结点编号',
  SRD_NODE_NAME varchar(60)  NULL COMMENT '执行结点名称',
  SRD_USER_ID varchar(36) NOT NULL COMMENT '执行人用户号',
  SRD_LOGIN_NAME varchar(60) NOT NULL COMMENT '执行人登录名',
  SRD_EVENT_TYPE char(2) NOT NULL COMMENT '事件类型',
  SRD_EVENT_RULE char(2) NOT NULL COMMENT '事件执行方式',
  SRD_EVENT_FLAG char(1)  NULL COMMENT '事件选择标志',
  SRD_EVENT_DSP varchar(256)  NULL COMMENT '事件摘要',
  SRD_BUSINESS_FIELD1 varchar(36)  NULL COMMENT '业务要素1',
  SRD_BUSINESS_FIELD2 varchar(36)  NULL COMMENT '业务要素2',
  SRD_BUSINESS_FIELD3 varchar(36)  NULL COMMENT '业务要素3',
  SRD_BUSINESS_FIELD4 varchar(36)  NULL COMMENT '业务要素4',
  SRD_BUSINESS_FIELD5 varchar(36)  NULL COMMENT '业务要素5',
  SRD_BUSINESS_FIELD6 varchar(60)  NULL COMMENT '业务要素6',
  SRD_BUSINESS_FIELD7 varchar(256)  NULL COMMENT '业务要素7',
  SRD_BUSINESS_FIELD8 date  NULL COMMENT '业务要素8',
  SRD_BUSINESS_FIELD9 timestamp  NULL COMMENT '业务要素9',
  SRD_BUSINESS_FIELD10 decimal  NULL COMMENT '业务要素10',
  SRD_RECORD_STATUS char(3) NOT NULL COMMENT '执行后状态'
) ENGINE=InnoDB DEFAULT CHARSET=utf8;
ALTER TABLE SY_WKF_RECORD_DETAIL ADD PRIMARY KEY(SRD_DETAIL_ID);

-- CREATE TIME:2018-06-23 21:11:12.279
-- TABLE NAME:流程待办表
DROP TABLE IF EXISTS SY_WKF_SCHEDULE;
CREATE TABLE SY_WKF_SCHEDULE (
  SWS_SCHEDULE_ID varchar(36) NOT NULL COMMENT '待办编号',
  SWS_RECORD_ID varchar(36) NOT NULL COMMENT '记录编号',
  SWS_LAST_NODE_ID varchar(36)  NULL COMMENT '上一结点编号',
  SWS_LAST_NODE_NAME varchar(60)  NULL COMMENT '上一结点名称',
  SWS_LAST_USER_ID varchar(36)  NULL COMMENT '上一执行人用户编号',
  SWS_LAST_LOGIN_NAME varchar(60)  NULL COMMENT '上一执行人用户登录名',
  SWS_SCHEDULE_NODE_ID varchar(36) NOT NULL COMMENT '待办结点编号',
  SWS_SCHEDULE_NODE_NAME varchar(60)  NULL COMMENT '待办结点名称',
  SWS_WG_ID varchar(36) NOT NULL COMMENT '待办工作组ID',
  SWS_WG_NAME varchar(60)  NULL COMMENT '工作组名称',
  SWS_SCHEDULE_USER_ID varchar(36)  NULL COMMENT '签收人用户号',
  SWS_SCHEDULE_LOGIN_NAME varchar(60)  NULL COMMENT '签收人登录名',
  SWS_BRANCH_FLAG char(1)  NULL COMMENT '是否分支中标志',
  SWS_BRANCH_HEAD_ID varchar(36)  NULL COMMENT '分支首结点编号',
  SWS_BRANCH_HEAD_NAME varchar(60)  NULL COMMENT '分支首结点名称',
  SWS_SCHEDULE_STATUS char(3) NOT NULL COMMENT '状态',
  SWS_CREATE_TIME timestamp NOT NULL COMMENT '创建时间'
) ENGINE=InnoDB DEFAULT CHARSET=utf8;
ALTER TABLE SY_WKF_SCHEDULE ADD PRIMARY KEY(SWS_SCHEDULE_ID);

-- CREATE TIME:2018-06-23 21:11:12.284
-- TABLE NAME:流程记录业务数据附加表
DROP TABLE IF EXISTS SY_WKF_RECORD_DATA;
CREATE TABLE SY_WKF_RECORD_DATA (
  SRT_RECORD_ID varchar(36) NOT NULL COMMENT '记录编号',
  SRT_DETAIL_ID varchar(36) NOT NULL COMMENT '记录明细编号',
  SRT_BUS_PKG blob NOT NULL COMMENT '大字段'
) ENGINE=InnoDB DEFAULT CHARSET=utf8;
ALTER TABLE SY_WKF_RECORD_DATA ADD PRIMARY KEY(SRT_RECORD_ID,SRT_DETAIL_ID);

-- CREATE TIME:2018-06-23 21:11:12.287
-- TABLE NAME:工作流配置变更日志表
DROP TABLE IF EXISTS SY_WKF_CFG_LOG;
CREATE TABLE SY_WKF_CFG_LOG (
  SCL_LOG_ID varchar(36) NOT NULL COMMENT '日志编号',
  SCL_LOG_TIME timestamp NOT NULL COMMENT '日志时间',
  SCL_USER_ID varchar(36) NOT NULL COMMENT '操作人用户号',
  SCL_LOGIN_NAME varchar(60) NOT NULL COMMENT '操作人登录名',
  SCL_TABLE varchar(60) NOT NULL COMMENT '操作表',
  SCL_OPR_TYPE char(2) NOT NULL COMMENT '操作类型',
  SCL_FIELD varchar(60)  NULL COMMENT '字段定义',
  SCL_OLD_VALUE varchar(60)  NULL COMMENT '旧值',
  SCL_NEW_VALUE varchar(60)  NULL COMMENT '新值'
) ENGINE=InnoDB DEFAULT CHARSET=utf8;
ALTER TABLE SY_WKF_CFG_LOG ADD PRIMARY KEY(SCL_LOG_ID);


INSERT INTO `sy_global_define` VALUES ('017473985497068923943039656531786925383025097813497064466608', 'SYUSR', '540085710350922744174047018239043097664042235330547831754823', '10');
INSERT INTO `sy_global_define` VALUES ('230842555947249597602963550980711730013138265092046308064010', 'SYUSR', '455696604371331355201320911866933165555899025076981795733056', '10');
INSERT INTO `sy_global_define` VALUES ('266060175454271417609043373593438458810905578920901566268744', 'SYUSR', '909040694119361924643994898177069324505533633260418392876148', '10');
INSERT INTO `sy_global_define` VALUES ('316670241845190885405976784353239030846797611921765189496070', 'SYUSR', '464338140466479414262599123425748315784403996051694719821163', '10');
INSERT INTO `sy_global_define` VALUES ('424616629898242912635937386541689957458161714564208536420344', 'SYUSR', '043584667828778824613079421775791912033856408281303224484215', '10');

INSERT INTO `sy_user_info` VALUES ('0000000001', 'cc', 'UR', '98765433', null, 'aaad61805dd6d4c67bdb3dee0c5c107261010248fe690f700b5e111ce3026e31', 'ad5e6', 'bf4ee', '2', null, 'A', '0', '2018-02-19 17:20:21','N',null,null);
INSERT INTO `sy_user_info` VALUES ('0000000002', 'kool', 'UR', null, null, '2893786f5aaeb4f6dfbcd499242f1dfc572595d3697c7462966fddff04f5cb32', 'e0803', '12fe3', '2', null, 'A', '0', '2018-02-18 17:51:52','N',null,null);
INSERT INTO `sy_user_info` VALUES ('0000000003', 'testc', 'UR', null, null, 'caaafabea21b2f005a2811f3861f9b328d740011bedfa2c530221d878ba04e48', 'b5d42', '4610a', '3688', null, 'A', '0', '2018-02-18 17:54:59','N',null,null);
INSERT INTO `sy_user_info` VALUES ('0000000004', 'dd', 'UR', null, null, '8c6a3f3f2870c0b7890a5108772f01fac28e10abf1724194b64076f9148a62e8', '9e851', 'd38e4', '2', null, 'A', '0', '2018-02-19 17:20:29','N',null,null);
INSERT INTO `sy_user_info` VALUES ('0000000005', 'sdf', 'UR', null, null, '7daa6dd08615761a1f616f4da2806f0ee35dc2c1c352eb42df370009594eb479', '2a406', '2a406', '3', null, 'A', '0', '2018-02-20 16:34:17','N',null,null);
INSERT INTO `sy_user_info` VALUES ('0000000006', 'ooo', 'UR', null, null, 'fb7207eb9559f07366f80c59dbe1ced8b43427af4a0e5c9603a370ff9b88cac4', '5c6f8', '5c6f8', '3', null, 'A', '0', '2018-02-20 16:39:06','N',null,null);
INSERT INTO `sy_user_info` VALUES ('0000000007', 'admin', 'UR', null, null, 'dfd244f7bb8651c239e360de9aece167088042effc80c353f1cf0f7d32185ed6', '7d37e', '5c52d', '2', null, 'A', '0', '2018-02-16 10:49:20','N',null,null);
INSERT INTO `sy_user_info` VALUES ('0000000008', 'gg', 'UR', null, null, 'c921849a66916eb4094fd7c6a7498f2a76f559feb5d644bdc21955460b446f14', '6f480', '235ff', '2', null, 'A', '0', '2018-02-19 16:35:32','N',null,null);
INSERT INTO `sy_user_info` VALUES ('0000000009', 'aa', 'UR', null, null, '6dc41b74f3cc6822ed3d556ed78cf24c08dde4708d4b20edf6525559c18ee044', '8c00d', 'bf125', '1657', '../../../static/img/img.jpg', 'A', '0', '2018-02-20 16:53:03','N',null,null);
INSERT INTO `sy_user_info` VALUES ('0000000010', 'asdfasdf', 'UR', null, null, 'c444f76522b110c833d89b64e3d43b33ef06a5d935354dc658c07f8fd84c2b8f', 'f47bb', 'f47bb', '3', null, 'A', '0', '2018-02-19 17:22:56','N',null,null);
INSERT INTO `sy_user_info` VALUES ('0000000011', 'vbn', 'UR', null, null, '41b89137583a0afbbcbda9357e0333bcf3c6dcc64167face4f0a103ebcba75d2', 'fb926', 'fb926', '3', null, 'A', '0', '2018-02-20 16:34:30','N',null,null);
INSERT INTO `sy_user_info` VALUES ('0000000012', 'testa', 'UR', null, null, 'a3a2ec281a05ce4fb87656079e11029c6177431723df930609e7acfe07914820', '0dafe', '3b8cb', '616', null, 'A', '0', '2018-02-18 17:54:49','N',null,null);
INSERT INTO `sy_user_info` VALUES ('0000000013', 'bb', 'UR', null, null, 'ae47d2985f9aff49901fffb17f6e2060be560ce0efea5f2a701e0af6c5e95f5b', '98f51', '3edbe', '7036', null, 'A', '0', '2018-02-19 17:20:17','N',null,null);
INSERT INTO `sy_user_info` VALUES ('0000000014', '000', 'UR', null, null, '1249f24200b5ba32faf29ddeb94fa38fcbb87469e495c10adb06d3b558b4388c', 'cf7a0', 'ac89f', '2', null, 'A', '0', '2018-02-20 16:40:41','N',null,null);
INSERT INTO `sy_user_info` VALUES ('0000000015', 'testb', 'UR', null, null, 'ceae36b109e3dd58712050a635e1ee9ec25d23f95bdd94a6fac1db0675398c28', 'fddc0', '2b6b3', '1888', null, 'A', '0', '2018-02-18 17:52:20','N',null,null);

INSERT INTO `sy_user_trade` VALUES ('02410bb6918b4a02a2d1bb7fec0f4119', 'SYUSRADD01', '2018-02-20 15:03:31', '8db93e067da349cdb13a356f739c8f4f', 'aa', 'eee', '', '', null, 'bc340dd331ac400cb36ce24248536920', 'A');
INSERT INTO `sy_user_trade` VALUES ('4583f7bf97b44f74b42e49681768bf1d', 'SYUSRADD01', '2018-02-20 15:03:18', '8db93e067da349cdb13a356f739c8f4f', 'aa', 'xxx', '', '', null, '5274482f31db45b283bf7bfc7aea3e33', 'A');
INSERT INTO `sy_user_trade` VALUES ('4f8d98c06db64994b9c70eb57f41d2f4', 'SYUSRADD01', '2018-02-20 15:03:40', '8db93e067da349cdb13a356f739c8f4f', 'aa', 'hhh', '', '', null, '6e3a760b4b85430f84a91458ae958bb8', 'A');
INSERT INTO `sy_user_trade` VALUES ('50e35a63af274689a33ce2fa06a22ca7', 'SYUSRADD01', '2018-02-19 16:49:45', '32b3689f5b3b41eab6883df33d20b41d', 'testc', 'bb', '', '', null, '446381f6d5564102b459163f58de7d77', 'F');
INSERT INTO `sy_user_trade` VALUES ('662af6778ca54de5849891e615bc6f0e', 'SYUSRADD01', '2018-02-20 15:03:16', '8db93e067da349cdb13a356f739c8f4f', 'aa', 'ccc', '', '', null, '08879535f3dc418692156e6d4a3b4447', 'A');
INSERT INTO `sy_user_trade` VALUES ('80cf88d78e6a494b852f9d04de280e35', 'SYUSRADD01', '2018-02-20 15:03:29', '8db93e067da349cdb13a356f739c8f4f', 'aa', 'rrr', '', '', null, '6bb143fcf0ad41429111bdd73f3af749', 'A');
INSERT INTO `sy_user_trade` VALUES ('916eb94dd60449c485487faa72609c9c', 'SYUSRADD01', '2018-02-20 15:03:22', '8db93e067da349cdb13a356f739c8f4f', 'aa', 'zzz', '', '', null, '2d729dbd74ed4834b08d4cbbc182b757', 'A');
INSERT INTO `sy_user_trade` VALUES ('9830596c730a4424a3eb6b0c98163565', 'SYUSRADD01', '2018-02-19 15:40:09', '8db93e067da349cdb13a356f739c8f4f', 'aa', 'gg', '', '', null, '7cf3fe4901eb4f5da6139910a398f954', 'S');
INSERT INTO `sy_user_trade` VALUES ('a0da8d0153e145feb4a50d8f0142e62c', 'SYUSRADD01', '2018-02-20 15:03:43', '8db93e067da349cdb13a356f739c8f4f', 'aa', 'jjj', '', '', null, '1af06e088f684396981a43d790cfa005', 'A');
INSERT INTO `sy_user_trade` VALUES ('a88f208ae9794937906ea19d1c36124d', 'SYUSRADD01', '2018-02-20 15:03:37', '8db93e067da349cdb13a356f739c8f4f', 'aa', 'nnn', '', '', null, 'ad3af9fac2cf42a986f50d2da57c15e8', 'A');
INSERT INTO `sy_user_trade` VALUES ('b55e2fbf986e4d3fa34c9c88d823188c', 'SYUSRADD01', '2018-02-18 21:28:18', '8db93e067da349cdb13a356f739c8f4f', 'aa', 'qq', '', '', null, '931f8941549c428dabcb60d1fabc8c5a', 'A');
INSERT INTO `sy_user_trade` VALUES ('cddd9959e54547429c4263d09e8ff1b6', 'SYUSRADD01', '2018-02-20 15:03:34', '8db93e067da349cdb13a356f739c8f4f', 'aa', 'bbb', '', '', null, '63d41804f6214b8a9405d86c2c6f7ae4', 'A');
INSERT INTO `sy_user_trade` VALUES ('d3a4d27102c34e4fb36e1d4f8e9a9a70', 'SYUSRADD01', '2018-02-20 10:30:11', '8db93e067da349cdb13a356f739c8f4f', 'aa', 'kjk', '', '', null, 'a98b95fcc4f34337b031169e40f2d190', 'A');
INSERT INTO `sy_user_trade` VALUES ('d4a9102d9a6a4d4d92e97b5c61204c21', 'SYUSRADD01', '2018-02-20 15:03:12', '8db93e067da349cdb13a356f739c8f4f', 'aa', 'sss', '', '', null, '5ae62adaee424605bb4698d765bf395f', 'A');
INSERT INTO `sy_user_trade` VALUES ('de8d5b21fd794ef2af6808ba440f61c9', 'SYUSRADD01', '2018-02-20 15:03:26', '8db93e067da349cdb13a356f739c8f4f', 'aa', 'trtt', '', '', null, 'f6b419f7933c4eefa1720f4e44b983f1', 'A');
INSERT INTO `sy_user_trade` VALUES ('fd912f5bb4ec4002a695b8cfd2bb5d3b', 'SYUSRADD01', '2018-02-19 17:22:23', '8db93e067da349cdb13a356f739c8f4f', 'aa', 'asdfasdf', '', '', null, '8a4c31fc20904f00a6a3299d467d0a92', 'S');

INSERT INTO `sy_wkf_node` VALUES ('14d63db4291b4170b0bc82e2717021d7', '用户管理-审批2', 'bedc8a83ec9a451587f16bb6d7e097d8', 'f66b18e1abe74245ad9c25a0ed065ad2', 'E2', 'T1', '', 'R1', 'A2', '', 'C2', '', '', '', 'N', '', 'A');
INSERT INTO `sy_wkf_node` VALUES ('d8cf2046b7d544b1bb7bf21fbeccdd03', '用户管理-审批1', 'bedc8a83ec9a451587f16bb6d7e097d8', 'b88422f50c8540998dc9228cf4c9db10', 'E2', 'T1', '', 'R1', 'A2', '', 'C2', '', '', '', 'N', '', 'A');
INSERT INTO `sy_wkf_node` VALUES ('e8f06af891774dfc9aea03fd60bbc7cb', '用户管理-终审', 'bedc8a83ec9a451587f16bb6d7e097d8', '10bfa7ec1ec84360b27d9c5566b42628', 'E2', 'T2', 'com.kool.system.wkfhandler.UserManagerApproveHandler', 'R1', 'A2', '', 'C2', '', '', '', 'N', '', 'A');

INSERT INTO `sy_wkf_record` VALUES ('08879535f3dc418692156e6d4a3b4447', '2018-02-20 15:03:16', null, 'A001', 'bedc8a83ec9a451587f16bb6d7e097d8', null, 'SYUSR', 'd8cf2046b7d544b1bb7bf21fbeccdd03', '用户管理-审批1', '8db93e067da349cdb13a356f739c8f4f', 'aa', null, null, null, 'FAT');
INSERT INTO `sy_wkf_record` VALUES ('1af06e088f684396981a43d790cfa005', '2018-02-20 15:03:43', null, 'A001', 'bedc8a83ec9a451587f16bb6d7e097d8', null, 'SYUSR', 'd8cf2046b7d544b1bb7bf21fbeccdd03', '用户管理-审批1', '8db93e067da349cdb13a356f739c8f4f', 'aa', null, null, null, 'FAT');
INSERT INTO `sy_wkf_record` VALUES ('2d729dbd74ed4834b08d4cbbc182b757', '2018-02-20 15:03:22', null, 'A001', 'bedc8a83ec9a451587f16bb6d7e097d8', null, 'SYUSR', 'd8cf2046b7d544b1bb7bf21fbeccdd03', '用户管理-审批1', '8db93e067da349cdb13a356f739c8f4f', 'aa', null, null, null, 'FAT');
INSERT INTO `sy_wkf_record` VALUES ('446381f6d5564102b459163f58de7d77', '2018-02-19 16:49:45', null, 'A001', 'bedc8a83ec9a451587f16bb6d7e097d8', null, 'SYUSR', 'd8cf2046b7d544b1bb7bf21fbeccdd03', '用户管理-审批1', '32b3689f5b3b41eab6883df33d20b41d', 'testc', null, null, null, 'FIN');
INSERT INTO `sy_wkf_record` VALUES ('5274482f31db45b283bf7bfc7aea3e33', '2018-02-20 15:03:18', null, 'A001', 'bedc8a83ec9a451587f16bb6d7e097d8', null, 'SYUSR', 'd8cf2046b7d544b1bb7bf21fbeccdd03', '用户管理-审批1', '8db93e067da349cdb13a356f739c8f4f', 'aa', null, null, null, 'FAT');
INSERT INTO `sy_wkf_record` VALUES ('5ae62adaee424605bb4698d765bf395f', '2018-02-20 15:03:13', null, 'A001', 'bedc8a83ec9a451587f16bb6d7e097d8', null, 'SYUSR', 'd8cf2046b7d544b1bb7bf21fbeccdd03', '用户管理-审批1', '8db93e067da349cdb13a356f739c8f4f', 'aa', null, null, null, 'FAT');
INSERT INTO `sy_wkf_record` VALUES ('63d41804f6214b8a9405d86c2c6f7ae4', '2018-02-20 15:03:34', null, 'A001', 'bedc8a83ec9a451587f16bb6d7e097d8', null, 'SYUSR', 'd8cf2046b7d544b1bb7bf21fbeccdd03', '用户管理-审批1', '8db93e067da349cdb13a356f739c8f4f', 'aa', null, null, null, 'FAT');
INSERT INTO `sy_wkf_record` VALUES ('6bb143fcf0ad41429111bdd73f3af749', '2018-02-20 15:03:29', null, 'A001', 'bedc8a83ec9a451587f16bb6d7e097d8', null, 'SYUSR', 'd8cf2046b7d544b1bb7bf21fbeccdd03', '用户管理-审批1', '8db93e067da349cdb13a356f739c8f4f', 'aa', null, null, null, 'FAT');
INSERT INTO `sy_wkf_record` VALUES ('6e3a760b4b85430f84a91458ae958bb8', '2018-02-20 15:03:40', null, 'A001', 'bedc8a83ec9a451587f16bb6d7e097d8', null, 'SYUSR', 'd8cf2046b7d544b1bb7bf21fbeccdd03', '用户管理-审批1', '8db93e067da349cdb13a356f739c8f4f', 'aa', null, null, null, 'FAT');
INSERT INTO `sy_wkf_record` VALUES ('7cf3fe4901eb4f5da6139910a398f954', '2018-02-19 15:40:40', null, 'A001', 'bedc8a83ec9a451587f16bb6d7e097d8', null, 'SYUSR', 'd8cf2046b7d544b1bb7bf21fbeccdd03', '用户管理-审批1', '8db93e067da349cdb13a356f739c8f4f', 'aa', null, null, null, 'FIN');
INSERT INTO `sy_wkf_record` VALUES ('8254a540a4914dcc934e07a3ad4e4216', '2018-02-18 21:19:07', null, 'A001', 'bedc8a83ec9a451587f16bb6d7e097d8', null, 'SYUSR', '', '', '8db93e067da349cdb13a356f739c8f4f', 'aa', null, null, null, 'FAT');
INSERT INTO `sy_wkf_record` VALUES ('8a4c31fc20904f00a6a3299d467d0a92', '2018-02-19 17:22:23', null, 'A001', 'bedc8a83ec9a451587f16bb6d7e097d8', null, 'SYUSR', 'd8cf2046b7d544b1bb7bf21fbeccdd03', '用户管理-审批1', '8db93e067da349cdb13a356f739c8f4f', 'aa', null, null, null, 'FIN');
INSERT INTO `sy_wkf_record` VALUES ('931f8941549c428dabcb60d1fabc8c5a', '2018-02-18 21:28:18', null, 'A001', 'bedc8a83ec9a451587f16bb6d7e097d8', null, 'SYUSR', 'd8cf2046b7d544b1bb7bf21fbeccdd03', '用户管理-审批1', '8db93e067da349cdb13a356f739c8f4f', 'aa', null, null, null, 'FAT');
INSERT INTO `sy_wkf_record` VALUES ('a98b95fcc4f34337b031169e40f2d190', '2018-02-20 10:30:11', null, 'A001', 'bedc8a83ec9a451587f16bb6d7e097d8', null, 'SYUSR', 'd8cf2046b7d544b1bb7bf21fbeccdd03', '用户管理-审批1', '8db93e067da349cdb13a356f739c8f4f', 'aa', null, null, null, 'FAT');
INSERT INTO `sy_wkf_record` VALUES ('ad3af9fac2cf42a986f50d2da57c15e8', '2018-02-20 15:03:37', null, 'A001', 'bedc8a83ec9a451587f16bb6d7e097d8', null, 'SYUSR', 'd8cf2046b7d544b1bb7bf21fbeccdd03', '用户管理-审批1', '8db93e067da349cdb13a356f739c8f4f', 'aa', null, null, null, 'FAT');
INSERT INTO `sy_wkf_record` VALUES ('bc340dd331ac400cb36ce24248536920', '2018-02-20 15:03:31', null, 'A001', 'bedc8a83ec9a451587f16bb6d7e097d8', null, 'SYUSR', 'd8cf2046b7d544b1bb7bf21fbeccdd03', '用户管理-审批1', '8db93e067da349cdb13a356f739c8f4f', 'aa', null, null, null, 'FAT');
INSERT INTO `sy_wkf_record` VALUES ('f6b419f7933c4eefa1720f4e44b983f1', '2018-02-20 15:03:26', null, 'A001', 'bedc8a83ec9a451587f16bb6d7e097d8', null, 'SYUSR', 'd8cf2046b7d544b1bb7bf21fbeccdd03', '用户管理-审批1', '8db93e067da349cdb13a356f739c8f4f', 'aa', null, null, null, 'FAT');

INSERT INTO `sy_wkf_record_detail` VALUES ('331de55d13484c50805f15689ea52c29', '8a4c31fc20904f00a6a3299d467d0a92', '46c931fac4a8426ab1a01fc842540ca9', '1', '2018-02-19 17:22:45', '14d63db4291b4170b0bc82e2717021d7', '用户管理-审批2', '15b3cdcc16ee4460b52d17cead3da833', 'cc', 'E2', 'T1', 'Y', '', null, null, null, null, null, null, null, null, null, null, 'FIN');
INSERT INTO `sy_wkf_record_detail` VALUES ('4e33b047a5194c9aa21f74add0e44861', '446381f6d5564102b459163f58de7d77', '58b5656edd464ca3bd20d8f490d2e0cc', '1', '2018-02-19 17:13:20', '14d63db4291b4170b0bc82e2717021d7', '用户管理-审批2', 'cb8b43344fcc47a5bf3187a0b2b2fae9', 'testb', 'E2', 'T1', 'Y', 'asdf', null, null, null, null, null, null, null, null, null, null, 'FIN');
INSERT INTO `sy_wkf_record_detail` VALUES ('5843275fc3094f879b80b2d0fa05648d', '446381f6d5564102b459163f58de7d77', 'dcf7dea8ac1d4ed18c9a5b09e3004b9d', '1', '2018-02-19 17:13:00', 'd8cf2046b7d544b1bb7bf21fbeccdd03', '用户管理-审批1', 'aa709353500845aeb97be4fcdfddf8ec', 'testa', 'E2', 'T1', 'Y', 'affsdf', null, null, null, null, null, null, null, null, null, null, 'FIN');
INSERT INTO `sy_wkf_record_detail` VALUES ('606e538eb91442fcb0de1244f091c96f', '8a4c31fc20904f00a6a3299d467d0a92', '601ec1c100c540f8b23ecea20e69ad21', '1', '2018-02-19 17:22:36', 'd8cf2046b7d544b1bb7bf21fbeccdd03', '用户管理-审批1', 'b0e403ba11034368b18bd5cc7bc86966', 'bb', 'E2', 'T1', 'Y', '', null, null, null, null, null, null, null, null, null, null, 'FIN');
INSERT INTO `sy_wkf_record_detail` VALUES ('635acf41a42444aeb8341cfd6ef90124', '7cf3fe4901eb4f5da6139910a398f954', 'bf0fb8c81b8c4608b8f1a6f5ddb79c11', '1', '2018-02-19 16:06:30', 'd8cf2046b7d544b1bb7bf21fbeccdd03', '用户管理-审批1', 'aa709353500845aeb97be4fcdfddf8ec', 'testa', 'E2', 'T1', 'Y', 'agree', null, null, null, null, null, null, null, null, null, null, 'FIN');
INSERT INTO `sy_wkf_record_detail` VALUES ('72cf24e4b35b4efd92acd7b95963867c', '7cf3fe4901eb4f5da6139910a398f954', 'bf0fb8c81b8c4608b8f1a6f5ddb79c11', '1', '2018-02-19 16:29:50', 'd8cf2046b7d544b1bb7bf21fbeccdd03', '用户管理-审批1', 'aa709353500845aeb97be4fcdfddf8ec', 'testa', 'E2', 'T1', 'Y', 'aaa', null, null, null, null, null, null, null, null, null, null, 'FIN');
INSERT INTO `sy_wkf_record_detail` VALUES ('8d6be00c632f41b3bba659368493106b', '446381f6d5564102b459163f58de7d77', '62398cbc5dc14f4ea7cd4676b7dbc74d', '1', '2018-02-19 17:13:44', 'e8f06af891774dfc9aea03fd60bbc7cb', '用户管理-终审', '32b3689f5b3b41eab6883df33d20b41d', 'testc', 'E2', 'T2', 'N', '', null, null, null, null, null, null, null, null, null, null, 'FIN');
INSERT INTO `sy_wkf_record_detail` VALUES ('c03caa1c3d4741d3a37290c13b390ab6', '8a4c31fc20904f00a6a3299d467d0a92', 'd5ceaa47dd2b49218919713d853bd6f8', '1', '2018-02-19 17:22:56', 'e8f06af891774dfc9aea03fd60bbc7cb', '用户管理-终审', '34d99e0732884f6688e471e71af93c68', 'dd', 'E2', 'T2', 'Y', 's', null, null, null, null, null, null, null, null, null, null, 'FIN');
INSERT INTO `sy_wkf_record_detail` VALUES ('e9ba31b91faa4d54a252fd4cc8c87b99', '7cf3fe4901eb4f5da6139910a398f954', '27beaa597c0a45dc90ea50f20d8b0012', '1', '2018-02-19 16:35:34', 'e8f06af891774dfc9aea03fd60bbc7cb', '用户管理-终审', '32b3689f5b3b41eab6883df33d20b41d', 'testc', 'E2', 'T2', 'Y', '', null, null, null, null, null, null, null, null, null, null, 'FIN');
INSERT INTO `sy_wkf_record_detail` VALUES ('ffe100d1696942f590501595a29d40fe', '7cf3fe4901eb4f5da6139910a398f954', '0de680daa897435d8d3f8575a1fed81d', '1', '2018-02-19 16:30:35', '14d63db4291b4170b0bc82e2717021d7', '用户管理-审批2', 'cb8b43344fcc47a5bf3187a0b2b2fae9', 'testb', 'E2', 'T1', 'Y', 'vv', null, null, null, null, null, null, null, null, null, null, 'FIN');

INSERT INTO `sy_wkf_route` VALUES ('36c22335ddf44220ad2ea57065e797f6', 'bedc8a83ec9a451587f16bb6d7e097d8', '', 'd8cf2046b7d544b1bb7bf21fbeccdd03', '用户管理-审批1', '14d63db4291b4170b0bc82e2717021d7', '用户管理-审批2', 'A');
INSERT INTO `sy_wkf_route` VALUES ('57a1b590c21845d2b845205f1b072d9f', 'bedc8a83ec9a451587f16bb6d7e097d8', '', '14d63db4291b4170b0bc82e2717021d7', '用户管理-审批2', 'e8f06af891774dfc9aea03fd60bbc7cb', '用户管理-终审', 'A');

INSERT INTO `sy_wkf_schedule` VALUES ('0de680daa897435d8d3f8575a1fed81d', '7cf3fe4901eb4f5da6139910a398f954', 'd8cf2046b7d544b1bb7bf21fbeccdd03', '用户管理-审批1', 'aa709353500845aeb97be4fcdfddf8ec', 'testa', '14d63db4291b4170b0bc82e2717021d7', '用户管理-审批2', 'f66b18e1abe74245ad9c25a0ed065ad2', null, null, null, 'N', null, null, 'CLS', '2018-02-19 16:35:34');
INSERT INTO `sy_wkf_schedule` VALUES ('259714cd759242968b5ec8683080fc43', 'ad3af9fac2cf42a986f50d2da57c15e8', null, null, null, null, 'd8cf2046b7d544b1bb7bf21fbeccdd03', '用户管理-审批1', 'b88422f50c8540998dc9228cf4c9db10', null, null, null, 'N', null, null, 'RDY', '2018-02-20 15:03:37');
INSERT INTO `sy_wkf_schedule` VALUES ('27beaa597c0a45dc90ea50f20d8b0012', '7cf3fe4901eb4f5da6139910a398f954', '14d63db4291b4170b0bc82e2717021d7', '用户管理-审批2', 'cb8b43344fcc47a5bf3187a0b2b2fae9', 'testb', 'e8f06af891774dfc9aea03fd60bbc7cb', '用户管理-终审', '10bfa7ec1ec84360b27d9c5566b42628', null, null, null, 'N', null, null, 'FIN', '2018-02-19 16:30:36');
INSERT INTO `sy_wkf_schedule` VALUES ('30408f7a4ae04364868eb760189f63fa', '2d729dbd74ed4834b08d4cbbc182b757', null, null, null, null, 'd8cf2046b7d544b1bb7bf21fbeccdd03', '用户管理-审批1', 'b88422f50c8540998dc9228cf4c9db10', null, null, null, 'N', null, null, 'RDY', '2018-02-20 15:03:22');
INSERT INTO `sy_wkf_schedule` VALUES ('4225d87cd64b49709da292a0999beef2', 'a98b95fcc4f34337b031169e40f2d190', null, null, null, null, 'd8cf2046b7d544b1bb7bf21fbeccdd03', '用户管理-审批1', 'b88422f50c8540998dc9228cf4c9db10', null, 'cb8b43344fcc47a5bf3187a0b2b2fae9', 'testb', 'N', null, null, 'CHK', '2018-02-20 10:30:11');
INSERT INTO `sy_wkf_schedule` VALUES ('46c931fac4a8426ab1a01fc842540ca9', '8a4c31fc20904f00a6a3299d467d0a92', 'd8cf2046b7d544b1bb7bf21fbeccdd03', '用户管理-审批1', 'b0e403ba11034368b18bd5cc7bc86966', 'bb', '14d63db4291b4170b0bc82e2717021d7', '用户管理-审批2', 'f66b18e1abe74245ad9c25a0ed065ad2', null, null, null, 'N', null, null, 'CLS', '2018-02-19 17:22:56');
INSERT INTO `sy_wkf_schedule` VALUES ('52bddca59cfd4d3095f3cff018878e15', '63d41804f6214b8a9405d86c2c6f7ae4', null, null, null, null, 'd8cf2046b7d544b1bb7bf21fbeccdd03', '用户管理-审批1', 'b88422f50c8540998dc9228cf4c9db10', null, null, null, 'N', null, null, 'RDY', '2018-02-20 15:03:34');
INSERT INTO `sy_wkf_schedule` VALUES ('58b5656edd464ca3bd20d8f490d2e0cc', '446381f6d5564102b459163f58de7d77', 'd8cf2046b7d544b1bb7bf21fbeccdd03', '用户管理-审批1', 'aa709353500845aeb97be4fcdfddf8ec', 'testa', '14d63db4291b4170b0bc82e2717021d7', '用户管理-审批2', 'f66b18e1abe74245ad9c25a0ed065ad2', null, null, null, 'N', null, null, 'CLS', '2018-02-19 17:13:44');
INSERT INTO `sy_wkf_schedule` VALUES ('601ec1c100c540f8b23ecea20e69ad21', '8a4c31fc20904f00a6a3299d467d0a92', null, null, null, null, 'd8cf2046b7d544b1bb7bf21fbeccdd03', '用户管理-审批1', 'b88422f50c8540998dc9228cf4c9db10', null, null, null, 'N', null, null, 'CLS', '2018-02-19 17:22:56');
INSERT INTO `sy_wkf_schedule` VALUES ('62398cbc5dc14f4ea7cd4676b7dbc74d', '446381f6d5564102b459163f58de7d77', '14d63db4291b4170b0bc82e2717021d7', '用户管理-审批2', 'cb8b43344fcc47a5bf3187a0b2b2fae9', 'testb', 'e8f06af891774dfc9aea03fd60bbc7cb', '用户管理-终审', '10bfa7ec1ec84360b27d9c5566b42628', null, null, null, 'N', null, null, 'FIN', '2018-02-19 17:13:20');
INSERT INTO `sy_wkf_schedule` VALUES ('63e6e4ac0d3a472d825c058e1d3f87a5', 'f6b419f7933c4eefa1720f4e44b983f1', null, null, null, null, 'd8cf2046b7d544b1bb7bf21fbeccdd03', '用户管理-审批1', 'b88422f50c8540998dc9228cf4c9db10', null, null, null, 'N', null, null, 'RDY', '2018-02-20 15:03:26');
INSERT INTO `sy_wkf_schedule` VALUES ('717071cc0dae4f308d6fafac3687b4ff', '6e3a760b4b85430f84a91458ae958bb8', null, null, null, null, 'd8cf2046b7d544b1bb7bf21fbeccdd03', '用户管理-审批1', 'b88422f50c8540998dc9228cf4c9db10', null, null, null, 'N', null, null, 'RDY', '2018-02-20 15:03:40');
INSERT INTO `sy_wkf_schedule` VALUES ('9506258cd8064f2ba1cb14f1fcd885b8', 'bc340dd331ac400cb36ce24248536920', null, null, null, null, 'd8cf2046b7d544b1bb7bf21fbeccdd03', '用户管理-审批1', 'b88422f50c8540998dc9228cf4c9db10', null, null, null, 'N', null, null, 'RDY', '2018-02-20 15:03:31');
INSERT INTO `sy_wkf_schedule` VALUES ('a09f914069294828a009afe10e37d197', '1af06e088f684396981a43d790cfa005', null, null, null, null, 'd8cf2046b7d544b1bb7bf21fbeccdd03', '用户管理-审批1', 'b88422f50c8540998dc9228cf4c9db10', null, null, null, 'N', null, null, 'RDY', '2018-02-20 15:03:43');
INSERT INTO `sy_wkf_schedule` VALUES ('a99d777bb7fb4cc6bddc9ed7f132a72b', '5274482f31db45b283bf7bfc7aea3e33', null, null, null, null, 'd8cf2046b7d544b1bb7bf21fbeccdd03', '用户管理-审批1', 'b88422f50c8540998dc9228cf4c9db10', null, null, null, 'N', null, null, 'RDY', '2018-02-20 15:03:18');
INSERT INTO `sy_wkf_schedule` VALUES ('b52c774a1c104e93b9300f2e0062401d', '6bb143fcf0ad41429111bdd73f3af749', null, null, null, null, 'd8cf2046b7d544b1bb7bf21fbeccdd03', '用户管理-审批1', 'b88422f50c8540998dc9228cf4c9db10', null, null, null, 'N', null, null, 'RDY', '2018-02-20 15:03:29');
INSERT INTO `sy_wkf_schedule` VALUES ('bf0fb8c81b8c4608b8f1a6f5ddb79c11', '7cf3fe4901eb4f5da6139910a398f954', null, null, null, null, 'd8cf2046b7d544b1bb7bf21fbeccdd03', '用户管理-审批1', 'b88422f50c8540998dc9228cf4c9db10', null, null, null, 'N', null, null, 'CLS', '2018-02-19 16:35:34');
INSERT INTO `sy_wkf_schedule` VALUES ('bf3bf9cba7144042b90ef8684a576a97', '08879535f3dc418692156e6d4a3b4447', null, null, null, null, 'd8cf2046b7d544b1bb7bf21fbeccdd03', '用户管理-审批1', 'b88422f50c8540998dc9228cf4c9db10', null, null, null, 'N', null, null, 'RDY', '2018-02-20 15:03:16');
INSERT INTO `sy_wkf_schedule` VALUES ('cdcb15ffe19b4c20a961114f930a7c65', '5ae62adaee424605bb4698d765bf395f', null, null, null, null, 'd8cf2046b7d544b1bb7bf21fbeccdd03', '用户管理-审批1', 'b88422f50c8540998dc9228cf4c9db10', null, null, null, 'N', null, null, 'RDY', '2018-02-20 15:03:13');
INSERT INTO `sy_wkf_schedule` VALUES ('d5ceaa47dd2b49218919713d853bd6f8', '8a4c31fc20904f00a6a3299d467d0a92', '14d63db4291b4170b0bc82e2717021d7', '用户管理-审批2', '15b3cdcc16ee4460b52d17cead3da833', 'cc', 'e8f06af891774dfc9aea03fd60bbc7cb', '用户管理-终审', '10bfa7ec1ec84360b27d9c5566b42628', null, null, null, 'N', null, null, 'FIN', '2018-02-19 17:22:45');
INSERT INTO `sy_wkf_schedule` VALUES ('dcf7dea8ac1d4ed18c9a5b09e3004b9d', '446381f6d5564102b459163f58de7d77', null, null, null, null, 'd8cf2046b7d544b1bb7bf21fbeccdd03', '用户管理-审批1', 'b88422f50c8540998dc9228cf4c9db10', null, null, null, 'N', null, null, 'CLS', '2018-02-19 17:13:44');

INSERT INTO `sy_wkf_worker` VALUES ('10bfa7ec1ec84360b27d9c5566b42628', '34d99e0732884f6688e471e71af93c68', 'dd', 'A');
INSERT INTO `sy_wkf_worker` VALUES ('b88422f50c8540998dc9228cf4c9db10', 'b0e403ba11034368b18bd5cc7bc86966', 'bb', 'A');
INSERT INTO `sy_wkf_worker` VALUES ('b88422f50c8540998dc9228cf4c9db10', 'cb8b43344fcc47a5bf3187a0b2b2fae9', 'testb', 'A');
INSERT INTO `sy_wkf_worker` VALUES ('f66b18e1abe74245ad9c25a0ed065ad2', '15b3cdcc16ee4460b52d17cead3da833', 'cc', 'A');

INSERT INTO `sy_wkf_workgroup` VALUES ('10bfa7ec1ec84360b27d9c5566b42628', '用户管理-终审', 'W4', '', '', '', 'SYUSR', 'A');
INSERT INTO `sy_wkf_workgroup` VALUES ('b88422f50c8540998dc9228cf4c9db10', '用户管理-审批1', 'W4', '', '', '', 'SYUSR', 'A');
INSERT INTO `sy_wkf_workgroup` VALUES ('f66b18e1abe74245ad9c25a0ed065ad2', '用户管理-审批2', 'W4', '', '', '', 'SYUSR', 'A');

INSERT INTO `sy_counter` VALUES ('99USRCID', '用户编号', '15', '0', '9999999999', '1', 'E', 'N', null, 'A');

INSERT INTO `sy_menu` VALUES ('PC000001', '检查预约中心', '', 'PC000001', 0, 1, 'exam-centre', 'A', 'el-icon-tickets');
INSERT INTO `sy_menu` VALUES ('PC000002', '开检查单', 'PC000001', 'PC000001', 1, 0, 'exam-open', 'A', '');
INSERT INTO `sy_menu` VALUES ('PC000003', '预约', 'PC000001', 'PC000001', 1, 1, 'exam-order', 'A', '');
INSERT INTO `sy_menu` VALUES ('PC000004', '锁号', 'PC000001', 'PC000001', 1, 2, 'exam-lock', 'A', '');
INSERT INTO `sy_menu` VALUES ('PC000005', '加号', 'PC000001', 'PC000001', 1, 3, 'exam-add', 'A', '');
INSERT INTO `sy_menu` VALUES ('PC000006', '签到', 'PC000001', 'PC000001', 1, 4, 'exam-checkin', 'A', '');
INSERT INTO `sy_menu` VALUES ('PC000007', '查询检查单', 'PC000001', 'PC000001', 1, 5, 'exam-query-exambook', 'A', '');
INSERT INTO `sy_menu` VALUES ('PC000008', '查询预约单', 'PC000001', 'PC000001', 1, 6, 'exam-query-orderbook', 'A', '');
INSERT INTO `sy_menu` VALUES ('PC000009', '查询号码', 'PC000001', 'PC000001', 1, 7, 'exam-query-number', 'A', '');
INSERT INTO `sy_menu` VALUES ('PC000010', '护士站', '', 'PC000010', 0, 2, 'nurse-centre', 'A', 'el-icon-search');
INSERT INTO `sy_menu` VALUES ('PC000011', '查询检查单', 'PC000010', 'PC000010', 1, 0, 'nurse-exam-info', 'A', '');
INSERT INTO `sy_menu` VALUES ('PC000012', '报表', '', 'PC000012', 0, 3, 'report', 'A', 'el-icon-document');
INSERT INTO `sy_menu` VALUES ('PC000013', '检查预约综合报表', 'PC000012', 'PC000012', 1, 0, 'report-exam-global', 'A', '');
INSERT INTO `sy_menu` VALUES ('PC000014', '系统维护', '', 'PC000014', 0, 4, 'operation-centre', 'A', 'el-icon-setting');
INSERT INTO `sy_menu` VALUES ('PC000015', '检查分类维护', 'PC000014', 'PC000014', 1, 0, 'operation-exam-type', 'A', '');
INSERT INTO `sy_menu` VALUES ('PC000016', '收费套餐维护', 'PC000014', 'PC000014', 1, 1, 'operation-fee', 'A', '');
INSERT INTO `sy_menu` VALUES ('PC000017', '设备信息维护', 'PC000014', 'PC000014', 1, 2, 'operation-device', 'A', '');
INSERT INTO `sy_menu` VALUES ('SY000001', '首页', '', 'SY000001', 0, 0, 'home', 'A', 'el-icon-menu');
